#15
John Doe     ,1234567890 ,john@example.com
Alice Smith  ,0987654321 ,alice@example.com
Bob Johnson  ,1112223333 ,bob@company.com
Carol White  ,4445556666 ,carol@company.com
David Brown  ,7778889999,david@example.com
Eve Davis    ,6665554444 ,eve@example.com
Frank Miller ,3334445555 ,frank@example.com
Hannah Clark ,5556667777 ,hannah@example.com
Ian Lewis    ,8889990000 ,ian@example.com
Hemanth TJ   ,7894563210 ,hemantsd@gamail.com
Anusma Ajith,8888888889,anusma@gmail.com
jaison sebastian,0000121245,jaison@gmail.com
Appu,0000000222,appu@gmail.com
Aishu,7777777778,aishu@gmail.com
Gokul,4444444445,gokul@gmail.com
